diagnosis,radius_mean,texture_mean,symmetry_mean,fractal_dimension_mean
B,12.47,18.6,0.1925,0.06373
M,18.94,21.31,0.1582,0.05461
M,15.46,19.48,0.1931,0.05796
B,12.4,17.68,0.1811,0.07102
